model,category,screen_id,variant,src_path,dst_path
gpt,comp_s2w,22437,1,ui_out_new_fixed_gpt_images/gpt_comp_s2w_22437_v1.png,ui_out_half_gpt_half_gemini/gpt_comp_s2w_22437_v1.png
gpt,comp_s2w,22437,2,ui_out_new_fixed_gpt_images/gpt_comp_s2w_22437_v2.png,ui_out_half_gpt_half_gemini/gpt_comp_s2w_22437_v2.png
gpt,comp_s2w,22437,3,ui_out_new_fixed_gpt_images/gpt_comp_s2w_22437_v3.png,ui_out_half_gpt_half_gemini/gpt_comp_s2w_22437_v3.png
gpt,comp_s2w,22437,4,ui_out_new_fixed_gpt_images/gpt_comp_s2w_22437_v4.png,ui_out_half_gpt_half_gemini/gpt_comp_s2w_22437_v4.png
gpt,comp_s2w,50565,1,ui_out_new_fixed_gpt_images/gpt_comp_s2w_50565_v1.png,ui_out_half_gpt_half_gemini/gpt_comp_s2w_50565_v1.png
gpt,comp_s2w,50565,2,ui_out_new_fixed_gpt_images/gpt_comp_s2w_50565_v2.png,ui_out_half_gpt_half_gemini/gpt_comp_s2w_50565_v2.png
gpt,comp_s2w,50565,3,ui_out_new_fixed_gpt_images/gpt_comp_s2w_50565_v3.png,ui_out_half_gpt_half_gemini/gpt_comp_s2w_50565_v3.png
gpt,comp_s2w,50565,4,ui_out_new_fixed_gpt_images/gpt_comp_s2w_50565_v4.png,ui_out_half_gpt_half_gemini/gpt_comp_s2w_50565_v4.png
gpt,comp_s2w,16861,1,ui_out_new_fixed_gpt_images/gpt_comp_s2w_16861_v1.png,ui_out_half_gpt_half_gemini/gpt_comp_s2w_16861_v1.png
gpt,comp_s2w,16861,2,ui_out_new_fixed_gpt_images/gpt_comp_s2w_16861_v2.png,ui_out_half_gpt_half_gemini/gpt_comp_s2w_16861_v2.png
gpt,comp_s2w,16861,3,ui_out_new_fixed_gpt_images/gpt_comp_s2w_16861_v3.png,ui_out_half_gpt_half_gemini/gpt_comp_s2w_16861_v3.png
gpt,comp_s2w,16861,4,ui_out_new_fixed_gpt_images/gpt_comp_s2w_16861_v4.png,ui_out_half_gpt_half_gemini/gpt_comp_s2w_16861_v4.png
gpt,comp_s2w,56961,1,ui_out_new_fixed_gpt_images/gpt_comp_s2w_56961_v1.png,ui_out_half_gpt_half_gemini/gpt_comp_s2w_56961_v1.png
gpt,comp_s2w,56961,2,ui_out_new_fixed_gpt_images/gpt_comp_s2w_56961_v2.png,ui_out_half_gpt_half_gemini/gpt_comp_s2w_56961_v2.png
gpt,comp_s2w,56961,3,ui_out_new_fixed_gpt_images/gpt_comp_s2w_56961_v3.png,ui_out_half_gpt_half_gemini/gpt_comp_s2w_56961_v3.png
gpt,comp_s2w,56961,4,ui_out_new_fixed_gpt_images/gpt_comp_s2w_56961_v4.png,ui_out_half_gpt_half_gemini/gpt_comp_s2w_56961_v4.png
gpt,comp_s2w,26367,1,ui_out_new_fixed_gpt_images/gpt_comp_s2w_26367_v1.png,ui_out_half_gpt_half_gemini/gpt_comp_s2w_26367_v1.png
gpt,comp_s2w,26367,2,ui_out_new_fixed_gpt_images/gpt_comp_s2w_26367_v2.png,ui_out_half_gpt_half_gemini/gpt_comp_s2w_26367_v2.png
gpt,comp_s2w,26367,3,ui_out_new_fixed_gpt_images/gpt_comp_s2w_26367_v3.png,ui_out_half_gpt_half_gemini/gpt_comp_s2w_26367_v3.png
gpt,comp_s2w,26367,4,ui_out_new_fixed_gpt_images/gpt_comp_s2w_26367_v4.png,ui_out_half_gpt_half_gemini/gpt_comp_s2w_26367_v4.png
gpt,comp_s2w,5651,1,ui_out_new_fixed_gpt_images/gpt_comp_s2w_5651_v1.png,ui_out_half_gpt_half_gemini/gpt_comp_s2w_5651_v1.png
gpt,comp_s2w,5651,2,ui_out_new_fixed_gpt_images/gpt_comp_s2w_5651_v2.png,ui_out_half_gpt_half_gemini/gpt_comp_s2w_5651_v2.png
gpt,comp_s2w,5651,3,ui_out_new_fixed_gpt_images/gpt_comp_s2w_5651_v3.png,ui_out_half_gpt_half_gemini/gpt_comp_s2w_5651_v3.png
gpt,comp_s2w,5651,4,ui_out_new_fixed_gpt_images/gpt_comp_s2w_5651_v4.png,ui_out_half_gpt_half_gemini/gpt_comp_s2w_5651_v4.png
gpt,comp_s2w,59228,1,ui_out_new_fixed_gpt_images/gpt_comp_s2w_59228_v1.png,ui_out_half_gpt_half_gemini/gpt_comp_s2w_59228_v1.png
gpt,comp_s2w,59228,2,ui_out_new_fixed_gpt_images/gpt_comp_s2w_59228_v2.png,ui_out_half_gpt_half_gemini/gpt_comp_s2w_59228_v2.png
gpt,comp_s2w,59228,3,ui_out_new_fixed_gpt_images/gpt_comp_s2w_59228_v3.png,ui_out_half_gpt_half_gemini/gpt_comp_s2w_59228_v3.png
gpt,comp_s2w,59228,4,ui_out_new_fixed_gpt_images/gpt_comp_s2w_59228_v4.png,ui_out_half_gpt_half_gemini/gpt_comp_s2w_59228_v4.png
gpt,comp_s2w,15366,1,ui_out_new_fixed_gpt_images/gpt_comp_s2w_15366_v1.png,ui_out_half_gpt_half_gemini/gpt_comp_s2w_15366_v1.png
gpt,comp_s2w,15366,2,ui_out_new_fixed_gpt_images/gpt_comp_s2w_15366_v2.png,ui_out_half_gpt_half_gemini/gpt_comp_s2w_15366_v2.png
gpt,comp_s2w,15366,3,ui_out_new_fixed_gpt_images/gpt_comp_s2w_15366_v3.png,ui_out_half_gpt_half_gemini/gpt_comp_s2w_15366_v3.png
gpt,comp_s2w,15366,4,ui_out_new_fixed_gpt_images/gpt_comp_s2w_15366_v4.png,ui_out_half_gpt_half_gemini/gpt_comp_s2w_15366_v4.png
gpt,comp_s2w,63614,1,ui_out_new_fixed_gpt_images/gpt_comp_s2w_63614_v1.png,ui_out_half_gpt_half_gemini/gpt_comp_s2w_63614_v1.png
gpt,comp_s2w,63614,2,ui_out_new_fixed_gpt_images/gpt_comp_s2w_63614_v2.png,ui_out_half_gpt_half_gemini/gpt_comp_s2w_63614_v2.png
gpt,comp_s2w,63614,3,ui_out_new_fixed_gpt_images/gpt_comp_s2w_63614_v3.png,ui_out_half_gpt_half_gemini/gpt_comp_s2w_63614_v3.png
gpt,comp_s2w,63614,4,ui_out_new_fixed_gpt_images/gpt_comp_s2w_63614_v4.png,ui_out_half_gpt_half_gemini/gpt_comp_s2w_63614_v4.png
gpt,comp_s2w,51339,1,ui_out_new_fixed_gpt_images/gpt_comp_s2w_51339_v1.png,ui_out_half_gpt_half_gemini/gpt_comp_s2w_51339_v1.png
gpt,comp_s2w,51339,2,ui_out_new_fixed_gpt_images/gpt_comp_s2w_51339_v2.png,ui_out_half_gpt_half_gemini/gpt_comp_s2w_51339_v2.png
gpt,comp_s2w,51339,3,ui_out_new_fixed_gpt_images/gpt_comp_s2w_51339_v3.png,ui_out_half_gpt_half_gemini/gpt_comp_s2w_51339_v3.png
gpt,comp_s2w,51339,4,ui_out_new_fixed_gpt_images/gpt_comp_s2w_51339_v4.png,ui_out_half_gpt_half_gemini/gpt_comp_s2w_51339_v4.png
gpt,comp_s2w,15033,1,ui_out_new_fixed_gpt_images/gpt_comp_s2w_15033_v1.png,ui_out_half_gpt_half_gemini/gpt_comp_s2w_15033_v1.png
gpt,comp_s2w,15033,2,ui_out_new_fixed_gpt_images/gpt_comp_s2w_15033_v2.png,ui_out_half_gpt_half_gemini/gpt_comp_s2w_15033_v2.png
gpt,comp_s2w,15033,3,ui_out_new_fixed_gpt_images/gpt_comp_s2w_15033_v3.png,ui_out_half_gpt_half_gemini/gpt_comp_s2w_15033_v3.png
gpt,comp_s2w,15033,4,ui_out_new_fixed_gpt_images/gpt_comp_s2w_15033_v4.png,ui_out_half_gpt_half_gemini/gpt_comp_s2w_15033_v4.png
gpt,comp_s2w,68018,1,ui_out_new_fixed_gpt_images/gpt_comp_s2w_68018_v1.png,ui_out_half_gpt_half_gemini/gpt_comp_s2w_68018_v1.png
gpt,comp_s2w,68018,2,ui_out_new_fixed_gpt_images/gpt_comp_s2w_68018_v2.png,ui_out_half_gpt_half_gemini/gpt_comp_s2w_68018_v2.png
gpt,comp_s2w,68018,3,ui_out_new_fixed_gpt_images/gpt_comp_s2w_68018_v3.png,ui_out_half_gpt_half_gemini/gpt_comp_s2w_68018_v3.png
gpt,comp_s2w,68018,4,ui_out_new_fixed_gpt_images/gpt_comp_s2w_68018_v4.png,ui_out_half_gpt_half_gemini/gpt_comp_s2w_68018_v4.png
gpt,comp_s2w,47573,1,ui_out_new_fixed_gpt_images/gpt_comp_s2w_47573_v1.png,ui_out_half_gpt_half_gemini/gpt_comp_s2w_47573_v1.png
gpt,comp_s2w,47573,2,ui_out_new_fixed_gpt_images/gpt_comp_s2w_47573_v2.png,ui_out_half_gpt_half_gemini/gpt_comp_s2w_47573_v2.png
gpt,comp_s2w,47573,3,ui_out_new_fixed_gpt_images/gpt_comp_s2w_47573_v3.png,ui_out_half_gpt_half_gemini/gpt_comp_s2w_47573_v3.png
gpt,comp_s2w,47573,4,ui_out_new_fixed_gpt_images/gpt_comp_s2w_47573_v4.png,ui_out_half_gpt_half_gemini/gpt_comp_s2w_47573_v4.png
gpt,comp_s2w,42605,1,ui_out_new_fixed_gpt_images/gpt_comp_s2w_42605_v1.png,ui_out_half_gpt_half_gemini/gpt_comp_s2w_42605_v1.png
gpt,comp_s2w,42605,2,ui_out_new_fixed_gpt_images/gpt_comp_s2w_42605_v2.png,ui_out_half_gpt_half_gemini/gpt_comp_s2w_42605_v2.png
gpt,comp_s2w,42605,3,ui_out_new_fixed_gpt_images/gpt_comp_s2w_42605_v3.png,ui_out_half_gpt_half_gemini/gpt_comp_s2w_42605_v3.png
gpt,comp_s2w,42605,4,ui_out_new_fixed_gpt_images/gpt_comp_s2w_42605_v4.png,ui_out_half_gpt_half_gemini/gpt_comp_s2w_42605_v4.png
gpt,comp_s2w,17432,1,ui_out_new_fixed_gpt_images/gpt_comp_s2w_17432_v1.png,ui_out_half_gpt_half_gemini/gpt_comp_s2w_17432_v1.png
gpt,comp_s2w,17432,2,ui_out_new_fixed_gpt_images/gpt_comp_s2w_17432_v2.png,ui_out_half_gpt_half_gemini/gpt_comp_s2w_17432_v2.png
gpt,comp_s2w,17432,3,ui_out_new_fixed_gpt_images/gpt_comp_s2w_17432_v3.png,ui_out_half_gpt_half_gemini/gpt_comp_s2w_17432_v3.png
gpt,comp_s2w,17432,4,ui_out_new_fixed_gpt_images/gpt_comp_s2w_17432_v4.png,ui_out_half_gpt_half_gemini/gpt_comp_s2w_17432_v4.png
gpt,comp_s2w,14289,1,ui_out_new_fixed_gpt_images/gpt_comp_s2w_14289_v1.png,ui_out_half_gpt_half_gemini/gpt_comp_s2w_14289_v1.png
gpt,comp_s2w,14289,2,ui_out_new_fixed_gpt_images/gpt_comp_s2w_14289_v2.png,ui_out_half_gpt_half_gemini/gpt_comp_s2w_14289_v2.png
gpt,comp_s2w,14289,3,ui_out_new_fixed_gpt_images/gpt_comp_s2w_14289_v3.png,ui_out_half_gpt_half_gemini/gpt_comp_s2w_14289_v3.png
gpt,comp_s2w,14289,4,ui_out_new_fixed_gpt_images/gpt_comp_s2w_14289_v4.png,ui_out_half_gpt_half_gemini/gpt_comp_s2w_14289_v4.png
gpt,comp_s2w,1555,1,ui_out_new_fixed_gpt_images/gpt_comp_s2w_1555_v1.png,ui_out_half_gpt_half_gemini/gpt_comp_s2w_1555_v1.png
gpt,comp_s2w,1555,2,ui_out_new_fixed_gpt_images/gpt_comp_s2w_1555_v2.png,ui_out_half_gpt_half_gemini/gpt_comp_s2w_1555_v2.png
gpt,comp_s2w,1555,3,ui_out_new_fixed_gpt_images/gpt_comp_s2w_1555_v3.png,ui_out_half_gpt_half_gemini/gpt_comp_s2w_1555_v3.png
gpt,comp_s2w,1555,4,ui_out_new_fixed_gpt_images/gpt_comp_s2w_1555_v4.png,ui_out_half_gpt_half_gemini/gpt_comp_s2w_1555_v4.png
gpt,comp_s2w,49070,1,ui_out_new_fixed_gpt_images/gpt_comp_s2w_49070_v1.png,ui_out_half_gpt_half_gemini/gpt_comp_s2w_49070_v1.png
gpt,comp_s2w,49070,2,ui_out_new_fixed_gpt_images/gpt_comp_s2w_49070_v2.png,ui_out_half_gpt_half_gemini/gpt_comp_s2w_49070_v2.png
gpt,comp_s2w,49070,3,ui_out_new_fixed_gpt_images/gpt_comp_s2w_49070_v3.png,ui_out_half_gpt_half_gemini/gpt_comp_s2w_49070_v3.png
gpt,comp_s2w,49070,4,ui_out_new_fixed_gpt_images/gpt_comp_s2w_49070_v4.png,ui_out_half_gpt_half_gemini/gpt_comp_s2w_49070_v4.png
gpt,comp_s2w,9791,1,ui_out_new_fixed_gpt_images/gpt_comp_s2w_9791_v1.png,ui_out_half_gpt_half_gemini/gpt_comp_s2w_9791_v1.png
gpt,comp_s2w,9791,2,ui_out_new_fixed_gpt_images/gpt_comp_s2w_9791_v2.png,ui_out_half_gpt_half_gemini/gpt_comp_s2w_9791_v2.png
gpt,comp_s2w,9791,3,ui_out_new_fixed_gpt_images/gpt_comp_s2w_9791_v3.png,ui_out_half_gpt_half_gemini/gpt_comp_s2w_9791_v3.png
gpt,comp_s2w,9791,4,ui_out_new_fixed_gpt_images/gpt_comp_s2w_9791_v4.png,ui_out_half_gpt_half_gemini/gpt_comp_s2w_9791_v4.png
gpt,comp_s2w,9640,1,ui_out_new_fixed_gpt_images/gpt_comp_s2w_9640_v1.png,ui_out_half_gpt_half_gemini/gpt_comp_s2w_9640_v1.png
gpt,comp_s2w,9640,2,ui_out_new_fixed_gpt_images/gpt_comp_s2w_9640_v2.png,ui_out_half_gpt_half_gemini/gpt_comp_s2w_9640_v2.png
gpt,comp_s2w,9640,3,ui_out_new_fixed_gpt_images/gpt_comp_s2w_9640_v3.png,ui_out_half_gpt_half_gemini/gpt_comp_s2w_9640_v3.png
gpt,comp_s2w,9640,4,ui_out_new_fixed_gpt_images/gpt_comp_s2w_9640_v4.png,ui_out_half_gpt_half_gemini/gpt_comp_s2w_9640_v4.png
gpt,comp_s2w,2962,1,ui_out_new_fixed_gpt_images/gpt_comp_s2w_2962_v1.png,ui_out_half_gpt_half_gemini/gpt_comp_s2w_2962_v1.png
gpt,comp_s2w,2962,2,ui_out_new_fixed_gpt_images/gpt_comp_s2w_2962_v2.png,ui_out_half_gpt_half_gemini/gpt_comp_s2w_2962_v2.png
gpt,comp_s2w,2962,3,ui_out_new_fixed_gpt_images/gpt_comp_s2w_2962_v3.png,ui_out_half_gpt_half_gemini/gpt_comp_s2w_2962_v3.png
gpt,comp_s2w,2962,4,ui_out_new_fixed_gpt_images/gpt_comp_s2w_2962_v4.png,ui_out_half_gpt_half_gemini/gpt_comp_s2w_2962_v4.png
gpt,comp_s2w,4034,1,ui_out_new_fixed_gpt_images/gpt_comp_s2w_4034_v1.png,ui_out_half_gpt_half_gemini/gpt_comp_s2w_4034_v1.png
gpt,comp_s2w,4034,2,ui_out_new_fixed_gpt_images/gpt_comp_s2w_4034_v2.png,ui_out_half_gpt_half_gemini/gpt_comp_s2w_4034_v2.png
gpt,comp_s2w,4034,3,ui_out_new_fixed_gpt_images/gpt_comp_s2w_4034_v3.png,ui_out_half_gpt_half_gemini/gpt_comp_s2w_4034_v3.png
gpt,comp_s2w,4034,4,ui_out_new_fixed_gpt_images/gpt_comp_s2w_4034_v4.png,ui_out_half_gpt_half_gemini/gpt_comp_s2w_4034_v4.png
gpt,comp_s2w,40467,1,ui_out_new_fixed_gpt_images/gpt_comp_s2w_40467_v1.png,ui_out_half_gpt_half_gemini/gpt_comp_s2w_40467_v1.png
gpt,comp_s2w,40467,2,ui_out_new_fixed_gpt_images/gpt_comp_s2w_40467_v2.png,ui_out_half_gpt_half_gemini/gpt_comp_s2w_40467_v2.png
gpt,comp_s2w,40467,3,ui_out_new_fixed_gpt_images/gpt_comp_s2w_40467_v3.png,ui_out_half_gpt_half_gemini/gpt_comp_s2w_40467_v3.png
gpt,comp_s2w,40467,4,ui_out_new_fixed_gpt_images/gpt_comp_s2w_40467_v4.png,ui_out_half_gpt_half_gemini/gpt_comp_s2w_40467_v4.png
gpt,comp_s2w,41874,1,ui_out_new_fixed_gpt_images/gpt_comp_s2w_41874_v1.png,ui_out_half_gpt_half_gemini/gpt_comp_s2w_41874_v1.png
gpt,comp_s2w,41874,2,ui_out_new_fixed_gpt_images/gpt_comp_s2w_41874_v2.png,ui_out_half_gpt_half_gemini/gpt_comp_s2w_41874_v2.png
gpt,comp_s2w,41874,3,ui_out_new_fixed_gpt_images/gpt_comp_s2w_41874_v3.png,ui_out_half_gpt_half_gemini/gpt_comp_s2w_41874_v3.png
gpt,comp_s2w,41874,4,ui_out_new_fixed_gpt_images/gpt_comp_s2w_41874_v4.png,ui_out_half_gpt_half_gemini/gpt_comp_s2w_41874_v4.png
gpt,comp_s2w,5763,1,ui_out_new_fixed_gpt_images/gpt_comp_s2w_5763_v1.png,ui_out_half_gpt_half_gemini/gpt_comp_s2w_5763_v1.png
gpt,comp_s2w,5763,2,ui_out_new_fixed_gpt_images/gpt_comp_s2w_5763_v2.png,ui_out_half_gpt_half_gemini/gpt_comp_s2w_5763_v2.png
gpt,comp_s2w,5763,3,ui_out_new_fixed_gpt_images/gpt_comp_s2w_5763_v3.png,ui_out_half_gpt_half_gemini/gpt_comp_s2w_5763_v3.png
gpt,comp_s2w,5763,4,ui_out_new_fixed_gpt_images/gpt_comp_s2w_5763_v4.png,ui_out_half_gpt_half_gemini/gpt_comp_s2w_5763_v4.png
gpt,comp_s2w,62785,1,ui_out_new_fixed_gpt_images/gpt_comp_s2w_62785_v1.png,ui_out_half_gpt_half_gemini/gpt_comp_s2w_62785_v1.png
gpt,comp_s2w,62785,2,ui_out_new_fixed_gpt_images/gpt_comp_s2w_62785_v2.png,ui_out_half_gpt_half_gemini/gpt_comp_s2w_62785_v2.png
gpt,comp_s2w,62785,3,ui_out_new_fixed_gpt_images/gpt_comp_s2w_62785_v3.png,ui_out_half_gpt_half_gemini/gpt_comp_s2w_62785_v3.png
gpt,comp_s2w,62785,4,ui_out_new_fixed_gpt_images/gpt_comp_s2w_62785_v4.png,ui_out_half_gpt_half_gemini/gpt_comp_s2w_62785_v4.png
gpt,comp_s2w,22170,1,ui_out_new_fixed_gpt_images/gpt_comp_s2w_22170_v1.png,ui_out_half_gpt_half_gemini/gpt_comp_s2w_22170_v1.png
gpt,comp_s2w,22170,2,ui_out_new_fixed_gpt_images/gpt_comp_s2w_22170_v2.png,ui_out_half_gpt_half_gemini/gpt_comp_s2w_22170_v2.png
gpt,comp_s2w,22170,3,ui_out_new_fixed_gpt_images/gpt_comp_s2w_22170_v3.png,ui_out_half_gpt_half_gemini/gpt_comp_s2w_22170_v3.png
gpt,comp_s2w,22170,4,ui_out_new_fixed_gpt_images/gpt_comp_s2w_22170_v4.png,ui_out_half_gpt_half_gemini/gpt_comp_s2w_22170_v4.png
gpt,comp_s2w,43195,1,ui_out_new_fixed_gpt_images/gpt_comp_s2w_43195_v1.png,ui_out_half_gpt_half_gemini/gpt_comp_s2w_43195_v1.png
gpt,comp_s2w,43195,2,ui_out_new_fixed_gpt_images/gpt_comp_s2w_43195_v2.png,ui_out_half_gpt_half_gemini/gpt_comp_s2w_43195_v2.png
gpt,comp_s2w,43195,3,ui_out_new_fixed_gpt_images/gpt_comp_s2w_43195_v3.png,ui_out_half_gpt_half_gemini/gpt_comp_s2w_43195_v3.png
gpt,comp_s2w,43195,4,ui_out_new_fixed_gpt_images/gpt_comp_s2w_43195_v4.png,ui_out_half_gpt_half_gemini/gpt_comp_s2w_43195_v4.png
gpt,comp_s2w,54988,1,ui_out_new_fixed_gpt_images/gpt_comp_s2w_54988_v1.png,ui_out_half_gpt_half_gemini/gpt_comp_s2w_54988_v1.png
gpt,comp_s2w,54988,2,ui_out_new_fixed_gpt_images/gpt_comp_s2w_54988_v2.png,ui_out_half_gpt_half_gemini/gpt_comp_s2w_54988_v2.png
gpt,comp_s2w,54988,3,ui_out_new_fixed_gpt_images/gpt_comp_s2w_54988_v3.png,ui_out_half_gpt_half_gemini/gpt_comp_s2w_54988_v3.png
gpt,comp_s2w,54988,4,ui_out_new_fixed_gpt_images/gpt_comp_s2w_54988_v4.png,ui_out_half_gpt_half_gemini/gpt_comp_s2w_54988_v4.png
gpt,comp_s2w,10681,1,ui_out_new_fixed_gpt_images/gpt_comp_s2w_10681_v1.png,ui_out_half_gpt_half_gemini/gpt_comp_s2w_10681_v1.png
gpt,comp_s2w,10681,2,ui_out_new_fixed_gpt_images/gpt_comp_s2w_10681_v2.png,ui_out_half_gpt_half_gemini/gpt_comp_s2w_10681_v2.png
gpt,comp_s2w,10681,3,ui_out_new_fixed_gpt_images/gpt_comp_s2w_10681_v3.png,ui_out_half_gpt_half_gemini/gpt_comp_s2w_10681_v3.png
gpt,comp_s2w,10681,4,ui_out_new_fixed_gpt_images/gpt_comp_s2w_10681_v4.png,ui_out_half_gpt_half_gemini/gpt_comp_s2w_10681_v4.png
gpt,comp_s2w,28792,1,ui_out_new_fixed_gpt_images/gpt_comp_s2w_28792_v1.png,ui_out_half_gpt_half_gemini/gpt_comp_s2w_28792_v1.png
gpt,comp_s2w,28792,2,ui_out_new_fixed_gpt_images/gpt_comp_s2w_28792_v2.png,ui_out_half_gpt_half_gemini/gpt_comp_s2w_28792_v2.png
gpt,comp_s2w,28792,3,ui_out_new_fixed_gpt_images/gpt_comp_s2w_28792_v3.png,ui_out_half_gpt_half_gemini/gpt_comp_s2w_28792_v3.png
gpt,comp_s2w,28792,4,ui_out_new_fixed_gpt_images/gpt_comp_s2w_28792_v4.png,ui_out_half_gpt_half_gemini/gpt_comp_s2w_28792_v4.png
gpt,comp_s2w,33330,1,ui_out_new_fixed_gpt_images/gpt_comp_s2w_33330_v1.png,ui_out_half_gpt_half_gemini/gpt_comp_s2w_33330_v1.png
gpt,comp_s2w,33330,2,ui_out_new_fixed_gpt_images/gpt_comp_s2w_33330_v2.png,ui_out_half_gpt_half_gemini/gpt_comp_s2w_33330_v2.png
gpt,comp_s2w,33330,3,ui_out_new_fixed_gpt_images/gpt_comp_s2w_33330_v3.png,ui_out_half_gpt_half_gemini/gpt_comp_s2w_33330_v3.png
gpt,comp_s2w,33330,4,ui_out_new_fixed_gpt_images/gpt_comp_s2w_33330_v4.png,ui_out_half_gpt_half_gemini/gpt_comp_s2w_33330_v4.png
gpt,comp_s2w,17058,1,ui_out_new_fixed_gpt_images/gpt_comp_s2w_17058_v1.png,ui_out_half_gpt_half_gemini/gpt_comp_s2w_17058_v1.png
gpt,comp_s2w,17058,2,ui_out_new_fixed_gpt_images/gpt_comp_s2w_17058_v2.png,ui_out_half_gpt_half_gemini/gpt_comp_s2w_17058_v2.png
gpt,comp_s2w,17058,3,ui_out_new_fixed_gpt_images/gpt_comp_s2w_17058_v3.png,ui_out_half_gpt_half_gemini/gpt_comp_s2w_17058_v3.png
gpt,comp_s2w,17058,4,ui_out_new_fixed_gpt_images/gpt_comp_s2w_17058_v4.png,ui_out_half_gpt_half_gemini/gpt_comp_s2w_17058_v4.png
gpt,comp_s2w,52014,1,ui_out_new_fixed_gpt_images/gpt_comp_s2w_52014_v1.png,ui_out_half_gpt_half_gemini/gpt_comp_s2w_52014_v1.png
gpt,comp_s2w,52014,2,ui_out_new_fixed_gpt_images/gpt_comp_s2w_52014_v2.png,ui_out_half_gpt_half_gemini/gpt_comp_s2w_52014_v2.png
gpt,comp_s2w,52014,3,ui_out_new_fixed_gpt_images/gpt_comp_s2w_52014_v3.png,ui_out_half_gpt_half_gemini/gpt_comp_s2w_52014_v3.png
gpt,comp_s2w,52014,4,ui_out_new_fixed_gpt_images/gpt_comp_s2w_52014_v4.png,ui_out_half_gpt_half_gemini/gpt_comp_s2w_52014_v4.png
gpt,comp_s2w,70484,1,ui_out_new_fixed_gpt_images/gpt_comp_s2w_70484_v1.png,ui_out_half_gpt_half_gemini/gpt_comp_s2w_70484_v1.png
gpt,comp_s2w,70484,2,ui_out_new_fixed_gpt_images/gpt_comp_s2w_70484_v2.png,ui_out_half_gpt_half_gemini/gpt_comp_s2w_70484_v2.png
gpt,comp_s2w,70484,3,ui_out_new_fixed_gpt_images/gpt_comp_s2w_70484_v3.png,ui_out_half_gpt_half_gemini/gpt_comp_s2w_70484_v3.png
gpt,comp_s2w,70484,4,ui_out_new_fixed_gpt_images/gpt_comp_s2w_70484_v4.png,ui_out_half_gpt_half_gemini/gpt_comp_s2w_70484_v4.png
gpt,comp_s2w,68809,1,ui_out_new_fixed_gpt_images/gpt_comp_s2w_68809_v1.png,ui_out_half_gpt_half_gemini/gpt_comp_s2w_68809_v1.png
gpt,comp_s2w,68809,2,ui_out_new_fixed_gpt_images/gpt_comp_s2w_68809_v2.png,ui_out_half_gpt_half_gemini/gpt_comp_s2w_68809_v2.png
gpt,comp_s2w,68809,3,ui_out_new_fixed_gpt_images/gpt_comp_s2w_68809_v3.png,ui_out_half_gpt_half_gemini/gpt_comp_s2w_68809_v3.png
gpt,comp_s2w,68809,4,ui_out_new_fixed_gpt_images/gpt_comp_s2w_68809_v4.png,ui_out_half_gpt_half_gemini/gpt_comp_s2w_68809_v4.png
gpt,comp_s2w,66612,1,ui_out_new_fixed_gpt_images/gpt_comp_s2w_66612_v1.png,ui_out_half_gpt_half_gemini/gpt_comp_s2w_66612_v1.png
gpt,comp_s2w,66612,2,ui_out_new_fixed_gpt_images/gpt_comp_s2w_66612_v2.png,ui_out_half_gpt_half_gemini/gpt_comp_s2w_66612_v2.png
gpt,comp_s2w,66612,3,ui_out_new_fixed_gpt_images/gpt_comp_s2w_66612_v3.png,ui_out_half_gpt_half_gemini/gpt_comp_s2w_66612_v3.png
gpt,comp_s2w,66612,4,ui_out_new_fixed_gpt_images/gpt_comp_s2w_66612_v4.png,ui_out_half_gpt_half_gemini/gpt_comp_s2w_66612_v4.png
gpt,comp_s2w,45556,1,ui_out_new_fixed_gpt_images/gpt_comp_s2w_45556_v1.png,ui_out_half_gpt_half_gemini/gpt_comp_s2w_45556_v1.png
gpt,comp_s2w,45556,2,ui_out_new_fixed_gpt_images/gpt_comp_s2w_45556_v2.png,ui_out_half_gpt_half_gemini/gpt_comp_s2w_45556_v2.png
gpt,comp_s2w,45556,3,ui_out_new_fixed_gpt_images/gpt_comp_s2w_45556_v3.png,ui_out_half_gpt_half_gemini/gpt_comp_s2w_45556_v3.png
gpt,comp_s2w,45556,4,ui_out_new_fixed_gpt_images/gpt_comp_s2w_45556_v4.png,ui_out_half_gpt_half_gemini/gpt_comp_s2w_45556_v4.png
gpt,comp_s2w,43005,1,ui_out_new_fixed_gpt_images/gpt_comp_s2w_43005_v1.png,ui_out_half_gpt_half_gemini/gpt_comp_s2w_43005_v1.png
gpt,comp_s2w,43005,2,ui_out_new_fixed_gpt_images/gpt_comp_s2w_43005_v2.png,ui_out_half_gpt_half_gemini/gpt_comp_s2w_43005_v2.png
gpt,comp_s2w,43005,3,ui_out_new_fixed_gpt_images/gpt_comp_s2w_43005_v3.png,ui_out_half_gpt_half_gemini/gpt_comp_s2w_43005_v3.png
gpt,comp_s2w,43005,4,ui_out_new_fixed_gpt_images/gpt_comp_s2w_43005_v4.png,ui_out_half_gpt_half_gemini/gpt_comp_s2w_43005_v4.png
gpt,comp_s2w,55305,1,ui_out_new_fixed_gpt_images/gpt_comp_s2w_55305_v1.png,ui_out_half_gpt_half_gemini/gpt_comp_s2w_55305_v1.png
gpt,comp_s2w,55305,2,ui_out_new_fixed_gpt_images/gpt_comp_s2w_55305_v2.png,ui_out_half_gpt_half_gemini/gpt_comp_s2w_55305_v2.png
gpt,comp_s2w,55305,3,ui_out_new_fixed_gpt_images/gpt_comp_s2w_55305_v3.png,ui_out_half_gpt_half_gemini/gpt_comp_s2w_55305_v3.png
gpt,comp_s2w,55305,4,ui_out_new_fixed_gpt_images/gpt_comp_s2w_55305_v4.png,ui_out_half_gpt_half_gemini/gpt_comp_s2w_55305_v4.png
gpt,comp_s2w,33934,1,ui_out_new_fixed_gpt_images/gpt_comp_s2w_33934_v1.png,ui_out_half_gpt_half_gemini/gpt_comp_s2w_33934_v1.png
gpt,comp_s2w,33934,2,ui_out_new_fixed_gpt_images/gpt_comp_s2w_33934_v2.png,ui_out_half_gpt_half_gemini/gpt_comp_s2w_33934_v2.png
gpt,comp_s2w,33934,3,ui_out_new_fixed_gpt_images/gpt_comp_s2w_33934_v3.png,ui_out_half_gpt_half_gemini/gpt_comp_s2w_33934_v3.png
gpt,comp_s2w,33934,4,ui_out_new_fixed_gpt_images/gpt_comp_s2w_33934_v4.png,ui_out_half_gpt_half_gemini/gpt_comp_s2w_33934_v4.png
gpt,comp_s2w,9347,1,ui_out_new_fixed_gpt_images/gpt_comp_s2w_9347_v1.png,ui_out_half_gpt_half_gemini/gpt_comp_s2w_9347_v1.png
gpt,comp_s2w,9347,2,ui_out_new_fixed_gpt_images/gpt_comp_s2w_9347_v2.png,ui_out_half_gpt_half_gemini/gpt_comp_s2w_9347_v2.png
gpt,comp_s2w,9347,3,ui_out_new_fixed_gpt_images/gpt_comp_s2w_9347_v3.png,ui_out_half_gpt_half_gemini/gpt_comp_s2w_9347_v3.png
gpt,comp_s2w,9347,4,ui_out_new_fixed_gpt_images/gpt_comp_s2w_9347_v4.png,ui_out_half_gpt_half_gemini/gpt_comp_s2w_9347_v4.png
gpt,comp_s2w,57893,1,ui_out_new_fixed_gpt_images/gpt_comp_s2w_57893_v1.png,ui_out_half_gpt_half_gemini/gpt_comp_s2w_57893_v1.png
gpt,comp_s2w,57893,2,ui_out_new_fixed_gpt_images/gpt_comp_s2w_57893_v2.png,ui_out_half_gpt_half_gemini/gpt_comp_s2w_57893_v2.png
gpt,comp_s2w,57893,3,ui_out_new_fixed_gpt_images/gpt_comp_s2w_57893_v3.png,ui_out_half_gpt_half_gemini/gpt_comp_s2w_57893_v3.png
gpt,comp_s2w,57893,4,ui_out_new_fixed_gpt_images/gpt_comp_s2w_57893_v4.png,ui_out_half_gpt_half_gemini/gpt_comp_s2w_57893_v4.png
gpt,comp_s2w,9249,1,ui_out_new_fixed_gpt_images/gpt_comp_s2w_9249_v1.png,ui_out_half_gpt_half_gemini/gpt_comp_s2w_9249_v1.png
gpt,comp_s2w,9249,2,ui_out_new_fixed_gpt_images/gpt_comp_s2w_9249_v2.png,ui_out_half_gpt_half_gemini/gpt_comp_s2w_9249_v2.png
gpt,comp_s2w,9249,3,ui_out_new_fixed_gpt_images/gpt_comp_s2w_9249_v3.png,ui_out_half_gpt_half_gemini/gpt_comp_s2w_9249_v3.png
gpt,comp_s2w,9249,4,ui_out_new_fixed_gpt_images/gpt_comp_s2w_9249_v4.png,ui_out_half_gpt_half_gemini/gpt_comp_s2w_9249_v4.png
gpt,comp_s2w,25572,1,ui_out_new_fixed_gpt_images/gpt_comp_s2w_25572_v1.png,ui_out_half_gpt_half_gemini/gpt_comp_s2w_25572_v1.png
gpt,comp_s2w,25572,2,ui_out_new_fixed_gpt_images/gpt_comp_s2w_25572_v2.png,ui_out_half_gpt_half_gemini/gpt_comp_s2w_25572_v2.png
gpt,comp_s2w,25572,3,ui_out_new_fixed_gpt_images/gpt_comp_s2w_25572_v3.png,ui_out_half_gpt_half_gemini/gpt_comp_s2w_25572_v3.png
gpt,comp_s2w,25572,4,ui_out_new_fixed_gpt_images/gpt_comp_s2w_25572_v4.png,ui_out_half_gpt_half_gemini/gpt_comp_s2w_25572_v4.png
gpt,comp_s2w,32828,1,ui_out_new_fixed_gpt_images/gpt_comp_s2w_32828_v1.png,ui_out_half_gpt_half_gemini/gpt_comp_s2w_32828_v1.png
gpt,comp_s2w,32828,2,ui_out_new_fixed_gpt_images/gpt_comp_s2w_32828_v2.png,ui_out_half_gpt_half_gemini/gpt_comp_s2w_32828_v2.png
gpt,comp_s2w,32828,3,ui_out_new_fixed_gpt_images/gpt_comp_s2w_32828_v3.png,ui_out_half_gpt_half_gemini/gpt_comp_s2w_32828_v3.png
gpt,comp_s2w,32828,4,ui_out_new_fixed_gpt_images/gpt_comp_s2w_32828_v4.png,ui_out_half_gpt_half_gemini/gpt_comp_s2w_32828_v4.png
gpt,comp_s2w,46783,1,ui_out_new_fixed_gpt_images/gpt_comp_s2w_46783_v1.png,ui_out_half_gpt_half_gemini/gpt_comp_s2w_46783_v1.png
gpt,comp_s2w,46783,2,ui_out_new_fixed_gpt_images/gpt_comp_s2w_46783_v2.png,ui_out_half_gpt_half_gemini/gpt_comp_s2w_46783_v2.png
gpt,comp_s2w,46783,3,ui_out_new_fixed_gpt_images/gpt_comp_s2w_46783_v3.png,ui_out_half_gpt_half_gemini/gpt_comp_s2w_46783_v3.png
gpt,comp_s2w,46783,4,ui_out_new_fixed_gpt_images/gpt_comp_s2w_46783_v4.png,ui_out_half_gpt_half_gemini/gpt_comp_s2w_46783_v4.png
gpt,comp_s2w,28902,1,ui_out_new_fixed_gpt_images/gpt_comp_s2w_28902_v1.png,ui_out_half_gpt_half_gemini/gpt_comp_s2w_28902_v1.png
gpt,comp_s2w,28902,2,ui_out_new_fixed_gpt_images/gpt_comp_s2w_28902_v2.png,ui_out_half_gpt_half_gemini/gpt_comp_s2w_28902_v2.png
gpt,comp_s2w,28902,3,ui_out_new_fixed_gpt_images/gpt_comp_s2w_28902_v3.png,ui_out_half_gpt_half_gemini/gpt_comp_s2w_28902_v3.png
gpt,comp_s2w,28902,4,ui_out_new_fixed_gpt_images/gpt_comp_s2w_28902_v4.png,ui_out_half_gpt_half_gemini/gpt_comp_s2w_28902_v4.png
gpt,comp_s2w,38140,1,ui_out_new_fixed_gpt_images/gpt_comp_s2w_38140_v1.png,ui_out_half_gpt_half_gemini/gpt_comp_s2w_38140_v1.png
gpt,comp_s2w,38140,2,ui_out_new_fixed_gpt_images/gpt_comp_s2w_38140_v2.png,ui_out_half_gpt_half_gemini/gpt_comp_s2w_38140_v2.png
gpt,comp_s2w,38140,3,ui_out_new_fixed_gpt_images/gpt_comp_s2w_38140_v3.png,ui_out_half_gpt_half_gemini/gpt_comp_s2w_38140_v3.png
gpt,comp_s2w,38140,4,ui_out_new_fixed_gpt_images/gpt_comp_s2w_38140_v4.png,ui_out_half_gpt_half_gemini/gpt_comp_s2w_38140_v4.png
gpt,comp_s2w,8365,1,ui_out_new_fixed_gpt_images/gpt_comp_s2w_8365_v1.png,ui_out_half_gpt_half_gemini/gpt_comp_s2w_8365_v1.png
gpt,comp_s2w,8365,2,ui_out_new_fixed_gpt_images/gpt_comp_s2w_8365_v2.png,ui_out_half_gpt_half_gemini/gpt_comp_s2w_8365_v2.png
gpt,comp_s2w,8365,3,ui_out_new_fixed_gpt_images/gpt_comp_s2w_8365_v3.png,ui_out_half_gpt_half_gemini/gpt_comp_s2w_8365_v3.png
gpt,comp_s2w,8365,4,ui_out_new_fixed_gpt_images/gpt_comp_s2w_8365_v4.png,ui_out_half_gpt_half_gemini/gpt_comp_s2w_8365_v4.png
gemini,comp_s2w,32234,1,ui_out_new_fixed_gemini_images/gemini_comp_s2w_32234_v1.png,ui_out_half_gpt_half_gemini/gemini_comp_s2w_32234_v1.png
gemini,comp_s2w,32234,2,ui_out_new_fixed_gemini_images/gemini_comp_s2w_32234_v2.png,ui_out_half_gpt_half_gemini/gemini_comp_s2w_32234_v2.png
gemini,comp_s2w,32234,3,ui_out_new_fixed_gemini_images/gemini_comp_s2w_32234_v3.png,ui_out_half_gpt_half_gemini/gemini_comp_s2w_32234_v3.png
gemini,comp_s2w,32234,4,ui_out_new_fixed_gemini_images/gemini_comp_s2w_32234_v4.png,ui_out_half_gpt_half_gemini/gemini_comp_s2w_32234_v4.png
gemini,comp_s2w,27502,1,ui_out_new_fixed_gemini_images/gemini_comp_s2w_27502_v1.png,ui_out_half_gpt_half_gemini/gemini_comp_s2w_27502_v1.png
gemini,comp_s2w,27502,2,ui_out_new_fixed_gemini_images/gemini_comp_s2w_27502_v2.png,ui_out_half_gpt_half_gemini/gemini_comp_s2w_27502_v2.png
gemini,comp_s2w,27502,3,ui_out_new_fixed_gemini_images/gemini_comp_s2w_27502_v3.png,ui_out_half_gpt_half_gemini/gemini_comp_s2w_27502_v3.png
gemini,comp_s2w,27502,4,ui_out_new_fixed_gemini_images/gemini_comp_s2w_27502_v4.png,ui_out_half_gpt_half_gemini/gemini_comp_s2w_27502_v4.png
gemini,comp_s2w,59493,1,ui_out_new_fixed_gemini_images/gemini_comp_s2w_59493_v1.png,ui_out_half_gpt_half_gemini/gemini_comp_s2w_59493_v1.png
gemini,comp_s2w,59493,2,ui_out_new_fixed_gemini_images/gemini_comp_s2w_59493_v2.png,ui_out_half_gpt_half_gemini/gemini_comp_s2w_59493_v2.png
gemini,comp_s2w,59493,3,ui_out_new_fixed_gemini_images/gemini_comp_s2w_59493_v3.png,ui_out_half_gpt_half_gemini/gemini_comp_s2w_59493_v3.png
gemini,comp_s2w,59493,4,ui_out_new_fixed_gemini_images/gemini_comp_s2w_59493_v4.png,ui_out_half_gpt_half_gemini/gemini_comp_s2w_59493_v4.png
gemini,comp_s2w,68037,1,ui_out_new_fixed_gemini_images/gemini_comp_s2w_68037_v1.png,ui_out_half_gpt_half_gemini/gemini_comp_s2w_68037_v1.png
gemini,comp_s2w,68037,2,ui_out_new_fixed_gemini_images/gemini_comp_s2w_68037_v2.png,ui_out_half_gpt_half_gemini/gemini_comp_s2w_68037_v2.png
gemini,comp_s2w,68037,3,ui_out_new_fixed_gemini_images/gemini_comp_s2w_68037_v3.png,ui_out_half_gpt_half_gemini/gemini_comp_s2w_68037_v3.png
gemini,comp_s2w,68037,4,ui_out_new_fixed_gemini_images/gemini_comp_s2w_68037_v4.png,ui_out_half_gpt_half_gemini/gemini_comp_s2w_68037_v4.png
gemini,comp_s2w,29179,1,ui_out_new_fixed_gemini_images/gemini_comp_s2w_29179_v1.png,ui_out_half_gpt_half_gemini/gemini_comp_s2w_29179_v1.png
gemini,comp_s2w,29179,2,ui_out_new_fixed_gemini_images/gemini_comp_s2w_29179_v2.png,ui_out_half_gpt_half_gemini/gemini_comp_s2w_29179_v2.png
gemini,comp_s2w,29179,3,ui_out_new_fixed_gemini_images/gemini_comp_s2w_29179_v3.png,ui_out_half_gpt_half_gemini/gemini_comp_s2w_29179_v3.png
gemini,comp_s2w,29179,4,ui_out_new_fixed_gemini_images/gemini_comp_s2w_29179_v4.png,ui_out_half_gpt_half_gemini/gemini_comp_s2w_29179_v4.png
gemini,comp_s2w,60062,1,ui_out_new_fixed_gemini_images/gemini_comp_s2w_60062_v1.png,ui_out_half_gpt_half_gemini/gemini_comp_s2w_60062_v1.png
gemini,comp_s2w,60062,2,ui_out_new_fixed_gemini_images/gemini_comp_s2w_60062_v2.png,ui_out_half_gpt_half_gemini/gemini_comp_s2w_60062_v2.png
gemini,comp_s2w,60062,3,ui_out_new_fixed_gemini_images/gemini_comp_s2w_60062_v3.png,ui_out_half_gpt_half_gemini/gemini_comp_s2w_60062_v3.png
gemini,comp_s2w,60062,4,ui_out_new_fixed_gemini_images/gemini_comp_s2w_60062_v4.png,ui_out_half_gpt_half_gemini/gemini_comp_s2w_60062_v4.png
gemini,comp_s2w,44186,1,ui_out_new_fixed_gemini_images/gemini_comp_s2w_44186_v1.png,ui_out_half_gpt_half_gemini/gemini_comp_s2w_44186_v1.png
gemini,comp_s2w,44186,2,ui_out_new_fixed_gemini_images/gemini_comp_s2w_44186_v2.png,ui_out_half_gpt_half_gemini/gemini_comp_s2w_44186_v2.png
gemini,comp_s2w,44186,3,ui_out_new_fixed_gemini_images/gemini_comp_s2w_44186_v3.png,ui_out_half_gpt_half_gemini/gemini_comp_s2w_44186_v3.png
gemini,comp_s2w,44186,4,ui_out_new_fixed_gemini_images/gemini_comp_s2w_44186_v4.png,ui_out_half_gpt_half_gemini/gemini_comp_s2w_44186_v4.png
gemini,comp_s2w,35896,1,ui_out_new_fixed_gemini_images/gemini_comp_s2w_35896_v1.png,ui_out_half_gpt_half_gemini/gemini_comp_s2w_35896_v1.png
gemini,comp_s2w,35896,2,ui_out_new_fixed_gemini_images/gemini_comp_s2w_35896_v2.png,ui_out_half_gpt_half_gemini/gemini_comp_s2w_35896_v2.png
gemini,comp_s2w,35896,3,ui_out_new_fixed_gemini_images/gemini_comp_s2w_35896_v3.png,ui_out_half_gpt_half_gemini/gemini_comp_s2w_35896_v3.png
gemini,comp_s2w,35896,4,ui_out_new_fixed_gemini_images/gemini_comp_s2w_35896_v4.png,ui_out_half_gpt_half_gemini/gemini_comp_s2w_35896_v4.png
gemini,comp_s2w,27282,1,ui_out_new_fixed_gemini_images/gemini_comp_s2w_27282_v1.png,ui_out_half_gpt_half_gemini/gemini_comp_s2w_27282_v1.png
gemini,comp_s2w,27282,2,ui_out_new_fixed_gemini_images/gemini_comp_s2w_27282_v2.png,ui_out_half_gpt_half_gemini/gemini_comp_s2w_27282_v2.png
gemini,comp_s2w,27282,3,ui_out_new_fixed_gemini_images/gemini_comp_s2w_27282_v3.png,ui_out_half_gpt_half_gemini/gemini_comp_s2w_27282_v3.png
gemini,comp_s2w,27282,4,ui_out_new_fixed_gemini_images/gemini_comp_s2w_27282_v4.png,ui_out_half_gpt_half_gemini/gemini_comp_s2w_27282_v4.png
gemini,comp_s2w,37185,1,ui_out_new_fixed_gemini_images/gemini_comp_s2w_37185_v1.png,ui_out_half_gpt_half_gemini/gemini_comp_s2w_37185_v1.png
gemini,comp_s2w,37185,2,ui_out_new_fixed_gemini_images/gemini_comp_s2w_37185_v2.png,ui_out_half_gpt_half_gemini/gemini_comp_s2w_37185_v2.png
gemini,comp_s2w,37185,3,ui_out_new_fixed_gemini_images/gemini_comp_s2w_37185_v3.png,ui_out_half_gpt_half_gemini/gemini_comp_s2w_37185_v3.png
gemini,comp_s2w,37185,4,ui_out_new_fixed_gemini_images/gemini_comp_s2w_37185_v4.png,ui_out_half_gpt_half_gemini/gemini_comp_s2w_37185_v4.png
gemini,comp_s2w,16084,1,ui_out_new_fixed_gemini_images/gemini_comp_s2w_16084_v1.png,ui_out_half_gpt_half_gemini/gemini_comp_s2w_16084_v1.png
gemini,comp_s2w,16084,2,ui_out_new_fixed_gemini_images/gemini_comp_s2w_16084_v2.png,ui_out_half_gpt_half_gemini/gemini_comp_s2w_16084_v2.png
gemini,comp_s2w,16084,3,ui_out_new_fixed_gemini_images/gemini_comp_s2w_16084_v3.png,ui_out_half_gpt_half_gemini/gemini_comp_s2w_16084_v3.png
gemini,comp_s2w,16084,4,ui_out_new_fixed_gemini_images/gemini_comp_s2w_16084_v4.png,ui_out_half_gpt_half_gemini/gemini_comp_s2w_16084_v4.png
gemini,comp_s2w,7606,1,ui_out_new_fixed_gemini_images/gemini_comp_s2w_7606_v1.png,ui_out_half_gpt_half_gemini/gemini_comp_s2w_7606_v1.png
gemini,comp_s2w,7606,2,ui_out_new_fixed_gemini_images/gemini_comp_s2w_7606_v2.png,ui_out_half_gpt_half_gemini/gemini_comp_s2w_7606_v2.png
gemini,comp_s2w,7606,3,ui_out_new_fixed_gemini_images/gemini_comp_s2w_7606_v3.png,ui_out_half_gpt_half_gemini/gemini_comp_s2w_7606_v3.png
gemini,comp_s2w,7606,4,ui_out_new_fixed_gemini_images/gemini_comp_s2w_7606_v4.png,ui_out_half_gpt_half_gemini/gemini_comp_s2w_7606_v4.png
gemini,comp_s2w,28349,1,ui_out_new_fixed_gemini_images/gemini_comp_s2w_28349_v1.png,ui_out_half_gpt_half_gemini/gemini_comp_s2w_28349_v1.png
gemini,comp_s2w,28349,2,ui_out_new_fixed_gemini_images/gemini_comp_s2w_28349_v2.png,ui_out_half_gpt_half_gemini/gemini_comp_s2w_28349_v2.png
gemini,comp_s2w,28349,3,ui_out_new_fixed_gemini_images/gemini_comp_s2w_28349_v3.png,ui_out_half_gpt_half_gemini/gemini_comp_s2w_28349_v3.png
gemini,comp_s2w,28349,4,ui_out_new_fixed_gemini_images/gemini_comp_s2w_28349_v4.png,ui_out_half_gpt_half_gemini/gemini_comp_s2w_28349_v4.png
gemini,comp_s2w,28040,1,ui_out_new_fixed_gemini_images/gemini_comp_s2w_28040_v1.png,ui_out_half_gpt_half_gemini/gemini_comp_s2w_28040_v1.png
gemini,comp_s2w,28040,2,ui_out_new_fixed_gemini_images/gemini_comp_s2w_28040_v2.png,ui_out_half_gpt_half_gemini/gemini_comp_s2w_28040_v2.png
gemini,comp_s2w,28040,3,ui_out_new_fixed_gemini_images/gemini_comp_s2w_28040_v3.png,ui_out_half_gpt_half_gemini/gemini_comp_s2w_28040_v3.png
gemini,comp_s2w,28040,4,ui_out_new_fixed_gemini_images/gemini_comp_s2w_28040_v4.png,ui_out_half_gpt_half_gemini/gemini_comp_s2w_28040_v4.png
gemini,comp_s2w,53497,1,ui_out_new_fixed_gemini_images/gemini_comp_s2w_53497_v1.png,ui_out_half_gpt_half_gemini/gemini_comp_s2w_53497_v1.png
gemini,comp_s2w,53497,2,ui_out_new_fixed_gemini_images/gemini_comp_s2w_53497_v2.png,ui_out_half_gpt_half_gemini/gemini_comp_s2w_53497_v2.png
gemini,comp_s2w,53497,3,ui_out_new_fixed_gemini_images/gemini_comp_s2w_53497_v3.png,ui_out_half_gpt_half_gemini/gemini_comp_s2w_53497_v3.png
gemini,comp_s2w,53497,4,ui_out_new_fixed_gemini_images/gemini_comp_s2w_53497_v4.png,ui_out_half_gpt_half_gemini/gemini_comp_s2w_53497_v4.png
gemini,comp_s2w,31780,1,ui_out_new_fixed_gemini_images/gemini_comp_s2w_31780_v1.png,ui_out_half_gpt_half_gemini/gemini_comp_s2w_31780_v1.png
gemini,comp_s2w,31780,2,ui_out_new_fixed_gemini_images/gemini_comp_s2w_31780_v2.png,ui_out_half_gpt_half_gemini/gemini_comp_s2w_31780_v2.png
gemini,comp_s2w,31780,3,ui_out_new_fixed_gemini_images/gemini_comp_s2w_31780_v3.png,ui_out_half_gpt_half_gemini/gemini_comp_s2w_31780_v3.png
gemini,comp_s2w,31780,4,ui_out_new_fixed_gemini_images/gemini_comp_s2w_31780_v4.png,ui_out_half_gpt_half_gemini/gemini_comp_s2w_31780_v4.png
gemini,comp_s2w,39241,1,ui_out_new_fixed_gemini_images/gemini_comp_s2w_39241_v1.png,ui_out_half_gpt_half_gemini/gemini_comp_s2w_39241_v1.png
gemini,comp_s2w,39241,2,ui_out_new_fixed_gemini_images/gemini_comp_s2w_39241_v2.png,ui_out_half_gpt_half_gemini/gemini_comp_s2w_39241_v2.png
gemini,comp_s2w,39241,3,ui_out_new_fixed_gemini_images/gemini_comp_s2w_39241_v3.png,ui_out_half_gpt_half_gemini/gemini_comp_s2w_39241_v3.png
gemini,comp_s2w,39241,4,ui_out_new_fixed_gemini_images/gemini_comp_s2w_39241_v4.png,ui_out_half_gpt_half_gemini/gemini_comp_s2w_39241_v4.png
gemini,comp_s2w,43768,1,ui_out_new_fixed_gemini_images/gemini_comp_s2w_43768_v1.png,ui_out_half_gpt_half_gemini/gemini_comp_s2w_43768_v1.png
gemini,comp_s2w,43768,2,ui_out_new_fixed_gemini_images/gemini_comp_s2w_43768_v2.png,ui_out_half_gpt_half_gemini/gemini_comp_s2w_43768_v2.png
gemini,comp_s2w,43768,3,ui_out_new_fixed_gemini_images/gemini_comp_s2w_43768_v3.png,ui_out_half_gpt_half_gemini/gemini_comp_s2w_43768_v3.png
gemini,comp_s2w,43768,4,ui_out_new_fixed_gemini_images/gemini_comp_s2w_43768_v4.png,ui_out_half_gpt_half_gemini/gemini_comp_s2w_43768_v4.png
gemini,comp_s2w,70410,1,ui_out_new_fixed_gemini_images/gemini_comp_s2w_70410_v1.png,ui_out_half_gpt_half_gemini/gemini_comp_s2w_70410_v1.png
gemini,comp_s2w,70410,2,ui_out_new_fixed_gemini_images/gemini_comp_s2w_70410_v2.png,ui_out_half_gpt_half_gemini/gemini_comp_s2w_70410_v2.png
gemini,comp_s2w,70410,3,ui_out_new_fixed_gemini_images/gemini_comp_s2w_70410_v3.png,ui_out_half_gpt_half_gemini/gemini_comp_s2w_70410_v3.png
gemini,comp_s2w,70410,4,ui_out_new_fixed_gemini_images/gemini_comp_s2w_70410_v4.png,ui_out_half_gpt_half_gemini/gemini_comp_s2w_70410_v4.png
gemini,comp_s2w,30987,1,ui_out_new_fixed_gemini_images/gemini_comp_s2w_30987_v1.png,ui_out_half_gpt_half_gemini/gemini_comp_s2w_30987_v1.png
gemini,comp_s2w,30987,2,ui_out_new_fixed_gemini_images/gemini_comp_s2w_30987_v2.png,ui_out_half_gpt_half_gemini/gemini_comp_s2w_30987_v2.png
gemini,comp_s2w,30987,3,ui_out_new_fixed_gemini_images/gemini_comp_s2w_30987_v3.png,ui_out_half_gpt_half_gemini/gemini_comp_s2w_30987_v3.png
gemini,comp_s2w,30987,4,ui_out_new_fixed_gemini_images/gemini_comp_s2w_30987_v4.png,ui_out_half_gpt_half_gemini/gemini_comp_s2w_30987_v4.png
gemini,comp_s2w,24695,1,ui_out_new_fixed_gemini_images/gemini_comp_s2w_24695_v1.png,ui_out_half_gpt_half_gemini/gemini_comp_s2w_24695_v1.png
gemini,comp_s2w,24695,2,ui_out_new_fixed_gemini_images/gemini_comp_s2w_24695_v2.png,ui_out_half_gpt_half_gemini/gemini_comp_s2w_24695_v2.png
gemini,comp_s2w,24695,3,ui_out_new_fixed_gemini_images/gemini_comp_s2w_24695_v3.png,ui_out_half_gpt_half_gemini/gemini_comp_s2w_24695_v3.png
gemini,comp_s2w,24695,4,ui_out_new_fixed_gemini_images/gemini_comp_s2w_24695_v4.png,ui_out_half_gpt_half_gemini/gemini_comp_s2w_24695_v4.png
gemini,comp_s2w,13350,1,ui_out_new_fixed_gemini_images/gemini_comp_s2w_13350_v1.png,ui_out_half_gpt_half_gemini/gemini_comp_s2w_13350_v1.png
gemini,comp_s2w,13350,2,ui_out_new_fixed_gemini_images/gemini_comp_s2w_13350_v2.png,ui_out_half_gpt_half_gemini/gemini_comp_s2w_13350_v2.png
gemini,comp_s2w,13350,3,ui_out_new_fixed_gemini_images/gemini_comp_s2w_13350_v3.png,ui_out_half_gpt_half_gemini/gemini_comp_s2w_13350_v3.png
gemini,comp_s2w,13350,4,ui_out_new_fixed_gemini_images/gemini_comp_s2w_13350_v4.png,ui_out_half_gpt_half_gemini/gemini_comp_s2w_13350_v4.png
gemini,comp_s2w,60089,1,ui_out_new_fixed_gemini_images/gemini_comp_s2w_60089_v1.png,ui_out_half_gpt_half_gemini/gemini_comp_s2w_60089_v1.png
gemini,comp_s2w,60089,2,ui_out_new_fixed_gemini_images/gemini_comp_s2w_60089_v2.png,ui_out_half_gpt_half_gemini/gemini_comp_s2w_60089_v2.png
gemini,comp_s2w,60089,3,ui_out_new_fixed_gemini_images/gemini_comp_s2w_60089_v3.png,ui_out_half_gpt_half_gemini/gemini_comp_s2w_60089_v3.png
gemini,comp_s2w,60089,4,ui_out_new_fixed_gemini_images/gemini_comp_s2w_60089_v4.png,ui_out_half_gpt_half_gemini/gemini_comp_s2w_60089_v4.png
gemini,comp_s2w,41454,1,ui_out_new_fixed_gemini_images/gemini_comp_s2w_41454_v1.png,ui_out_half_gpt_half_gemini/gemini_comp_s2w_41454_v1.png
gemini,comp_s2w,41454,2,ui_out_new_fixed_gemini_images/gemini_comp_s2w_41454_v2.png,ui_out_half_gpt_half_gemini/gemini_comp_s2w_41454_v2.png
gemini,comp_s2w,41454,3,ui_out_new_fixed_gemini_images/gemini_comp_s2w_41454_v3.png,ui_out_half_gpt_half_gemini/gemini_comp_s2w_41454_v3.png
gemini,comp_s2w,41454,4,ui_out_new_fixed_gemini_images/gemini_comp_s2w_41454_v4.png,ui_out_half_gpt_half_gemini/gemini_comp_s2w_41454_v4.png
gemini,comp_s2w,72157,1,ui_out_new_fixed_gemini_images/gemini_comp_s2w_72157_v1.png,ui_out_half_gpt_half_gemini/gemini_comp_s2w_72157_v1.png
gemini,comp_s2w,72157,2,ui_out_new_fixed_gemini_images/gemini_comp_s2w_72157_v2.png,ui_out_half_gpt_half_gemini/gemini_comp_s2w_72157_v2.png
gemini,comp_s2w,72157,3,ui_out_new_fixed_gemini_images/gemini_comp_s2w_72157_v3.png,ui_out_half_gpt_half_gemini/gemini_comp_s2w_72157_v3.png
gemini,comp_s2w,72157,4,ui_out_new_fixed_gemini_images/gemini_comp_s2w_72157_v4.png,ui_out_half_gpt_half_gemini/gemini_comp_s2w_72157_v4.png
gemini,comp_s2w,9244,1,ui_out_new_fixed_gemini_images/gemini_comp_s2w_9244_v1.png,ui_out_half_gpt_half_gemini/gemini_comp_s2w_9244_v1.png
gemini,comp_s2w,9244,2,ui_out_new_fixed_gemini_images/gemini_comp_s2w_9244_v2.png,ui_out_half_gpt_half_gemini/gemini_comp_s2w_9244_v2.png
gemini,comp_s2w,9244,3,ui_out_new_fixed_gemini_images/gemini_comp_s2w_9244_v3.png,ui_out_half_gpt_half_gemini/gemini_comp_s2w_9244_v3.png
gemini,comp_s2w,9244,4,ui_out_new_fixed_gemini_images/gemini_comp_s2w_9244_v4.png,ui_out_half_gpt_half_gemini/gemini_comp_s2w_9244_v4.png
gemini,comp_s2w,68136,1,ui_out_new_fixed_gemini_images/gemini_comp_s2w_68136_v1.png,ui_out_half_gpt_half_gemini/gemini_comp_s2w_68136_v1.png
gemini,comp_s2w,68136,2,ui_out_new_fixed_gemini_images/gemini_comp_s2w_68136_v2.png,ui_out_half_gpt_half_gemini/gemini_comp_s2w_68136_v2.png
gemini,comp_s2w,68136,3,ui_out_new_fixed_gemini_images/gemini_comp_s2w_68136_v3.png,ui_out_half_gpt_half_gemini/gemini_comp_s2w_68136_v3.png
gemini,comp_s2w,68136,4,ui_out_new_fixed_gemini_images/gemini_comp_s2w_68136_v4.png,ui_out_half_gpt_half_gemini/gemini_comp_s2w_68136_v4.png
gemini,comp_s2w,25792,1,ui_out_new_fixed_gemini_images/gemini_comp_s2w_25792_v1.png,ui_out_half_gpt_half_gemini/gemini_comp_s2w_25792_v1.png
gemini,comp_s2w,25792,2,ui_out_new_fixed_gemini_images/gemini_comp_s2w_25792_v2.png,ui_out_half_gpt_half_gemini/gemini_comp_s2w_25792_v2.png
gemini,comp_s2w,25792,3,ui_out_new_fixed_gemini_images/gemini_comp_s2w_25792_v3.png,ui_out_half_gpt_half_gemini/gemini_comp_s2w_25792_v3.png
gemini,comp_s2w,25792,4,ui_out_new_fixed_gemini_images/gemini_comp_s2w_25792_v4.png,ui_out_half_gpt_half_gemini/gemini_comp_s2w_25792_v4.png
gemini,comp_s2w,1897,1,ui_out_new_fixed_gemini_images/gemini_comp_s2w_1897_v1.png,ui_out_half_gpt_half_gemini/gemini_comp_s2w_1897_v1.png
gemini,comp_s2w,1897,2,ui_out_new_fixed_gemini_images/gemini_comp_s2w_1897_v2.png,ui_out_half_gpt_half_gemini/gemini_comp_s2w_1897_v2.png
gemini,comp_s2w,1897,3,ui_out_new_fixed_gemini_images/gemini_comp_s2w_1897_v3.png,ui_out_half_gpt_half_gemini/gemini_comp_s2w_1897_v3.png
gemini,comp_s2w,1897,4,ui_out_new_fixed_gemini_images/gemini_comp_s2w_1897_v4.png,ui_out_half_gpt_half_gemini/gemini_comp_s2w_1897_v4.png
gemini,comp_s2w,58376,1,ui_out_new_fixed_gemini_images/gemini_comp_s2w_58376_v1.png,ui_out_half_gpt_half_gemini/gemini_comp_s2w_58376_v1.png
gemini,comp_s2w,58376,2,ui_out_new_fixed_gemini_images/gemini_comp_s2w_58376_v2.png,ui_out_half_gpt_half_gemini/gemini_comp_s2w_58376_v2.png
gemini,comp_s2w,58376,3,ui_out_new_fixed_gemini_images/gemini_comp_s2w_58376_v3.png,ui_out_half_gpt_half_gemini/gemini_comp_s2w_58376_v3.png
gemini,comp_s2w,58376,4,ui_out_new_fixed_gemini_images/gemini_comp_s2w_58376_v4.png,ui_out_half_gpt_half_gemini/gemini_comp_s2w_58376_v4.png
gemini,comp_s2w,71261,1,ui_out_new_fixed_gemini_images/gemini_comp_s2w_71261_v1.png,ui_out_half_gpt_half_gemini/gemini_comp_s2w_71261_v1.png
gemini,comp_s2w,71261,2,ui_out_new_fixed_gemini_images/gemini_comp_s2w_71261_v2.png,ui_out_half_gpt_half_gemini/gemini_comp_s2w_71261_v2.png
gemini,comp_s2w,71261,3,ui_out_new_fixed_gemini_images/gemini_comp_s2w_71261_v3.png,ui_out_half_gpt_half_gemini/gemini_comp_s2w_71261_v3.png
gemini,comp_s2w,71261,4,ui_out_new_fixed_gemini_images/gemini_comp_s2w_71261_v4.png,ui_out_half_gpt_half_gemini/gemini_comp_s2w_71261_v4.png
gemini,comp_s2w,39995,1,ui_out_new_fixed_gemini_images/gemini_comp_s2w_39995_v1.png,ui_out_half_gpt_half_gemini/gemini_comp_s2w_39995_v1.png
gemini,comp_s2w,39995,2,ui_out_new_fixed_gemini_images/gemini_comp_s2w_39995_v2.png,ui_out_half_gpt_half_gemini/gemini_comp_s2w_39995_v2.png
gemini,comp_s2w,39995,3,ui_out_new_fixed_gemini_images/gemini_comp_s2w_39995_v3.png,ui_out_half_gpt_half_gemini/gemini_comp_s2w_39995_v3.png
gemini,comp_s2w,39995,4,ui_out_new_fixed_gemini_images/gemini_comp_s2w_39995_v4.png,ui_out_half_gpt_half_gemini/gemini_comp_s2w_39995_v4.png
gemini,comp_s2w,3498,1,ui_out_new_fixed_gemini_images/gemini_comp_s2w_3498_v1.png,ui_out_half_gpt_half_gemini/gemini_comp_s2w_3498_v1.png
gemini,comp_s2w,3498,2,ui_out_new_fixed_gemini_images/gemini_comp_s2w_3498_v2.png,ui_out_half_gpt_half_gemini/gemini_comp_s2w_3498_v2.png
gemini,comp_s2w,3498,3,ui_out_new_fixed_gemini_images/gemini_comp_s2w_3498_v3.png,ui_out_half_gpt_half_gemini/gemini_comp_s2w_3498_v3.png
gemini,comp_s2w,3498,4,ui_out_new_fixed_gemini_images/gemini_comp_s2w_3498_v4.png,ui_out_half_gpt_half_gemini/gemini_comp_s2w_3498_v4.png
gemini,comp_s2w,71507,1,ui_out_new_fixed_gemini_images/gemini_comp_s2w_71507_v1.png,ui_out_half_gpt_half_gemini/gemini_comp_s2w_71507_v1.png
gemini,comp_s2w,71507,2,ui_out_new_fixed_gemini_images/gemini_comp_s2w_71507_v2.png,ui_out_half_gpt_half_gemini/gemini_comp_s2w_71507_v2.png
gemini,comp_s2w,71507,3,ui_out_new_fixed_gemini_images/gemini_comp_s2w_71507_v3.png,ui_out_half_gpt_half_gemini/gemini_comp_s2w_71507_v3.png
gemini,comp_s2w,71507,4,ui_out_new_fixed_gemini_images/gemini_comp_s2w_71507_v4.png,ui_out_half_gpt_half_gemini/gemini_comp_s2w_71507_v4.png
gemini,comp_s2w,17501,1,ui_out_new_fixed_gemini_images/gemini_comp_s2w_17501_v1.png,ui_out_half_gpt_half_gemini/gemini_comp_s2w_17501_v1.png
gemini,comp_s2w,17501,2,ui_out_new_fixed_gemini_images/gemini_comp_s2w_17501_v2.png,ui_out_half_gpt_half_gemini/gemini_comp_s2w_17501_v2.png
gemini,comp_s2w,17501,3,ui_out_new_fixed_gemini_images/gemini_comp_s2w_17501_v3.png,ui_out_half_gpt_half_gemini/gemini_comp_s2w_17501_v3.png
gemini,comp_s2w,17501,4,ui_out_new_fixed_gemini_images/gemini_comp_s2w_17501_v4.png,ui_out_half_gpt_half_gemini/gemini_comp_s2w_17501_v4.png
gemini,comp_s2w,49428,1,ui_out_new_fixed_gemini_images/gemini_comp_s2w_49428_v1.png,ui_out_half_gpt_half_gemini/gemini_comp_s2w_49428_v1.png
gemini,comp_s2w,49428,2,ui_out_new_fixed_gemini_images/gemini_comp_s2w_49428_v2.png,ui_out_half_gpt_half_gemini/gemini_comp_s2w_49428_v2.png
gemini,comp_s2w,49428,3,ui_out_new_fixed_gemini_images/gemini_comp_s2w_49428_v3.png,ui_out_half_gpt_half_gemini/gemini_comp_s2w_49428_v3.png
gemini,comp_s2w,49428,4,ui_out_new_fixed_gemini_images/gemini_comp_s2w_49428_v4.png,ui_out_half_gpt_half_gemini/gemini_comp_s2w_49428_v4.png
gemini,comp_s2w,8548,1,ui_out_new_fixed_gemini_images/gemini_comp_s2w_8548_v1.png,ui_out_half_gpt_half_gemini/gemini_comp_s2w_8548_v1.png
gemini,comp_s2w,8548,2,ui_out_new_fixed_gemini_images/gemini_comp_s2w_8548_v2.png,ui_out_half_gpt_half_gemini/gemini_comp_s2w_8548_v2.png
gemini,comp_s2w,8548,3,ui_out_new_fixed_gemini_images/gemini_comp_s2w_8548_v3.png,ui_out_half_gpt_half_gemini/gemini_comp_s2w_8548_v3.png
gemini,comp_s2w,8548,4,ui_out_new_fixed_gemini_images/gemini_comp_s2w_8548_v4.png,ui_out_half_gpt_half_gemini/gemini_comp_s2w_8548_v4.png
gemini,comp_s2w,12842,1,ui_out_new_fixed_gemini_images/gemini_comp_s2w_12842_v1.png,ui_out_half_gpt_half_gemini/gemini_comp_s2w_12842_v1.png
gemini,comp_s2w,12842,2,ui_out_new_fixed_gemini_images/gemini_comp_s2w_12842_v2.png,ui_out_half_gpt_half_gemini/gemini_comp_s2w_12842_v2.png
gemini,comp_s2w,12842,3,ui_out_new_fixed_gemini_images/gemini_comp_s2w_12842_v3.png,ui_out_half_gpt_half_gemini/gemini_comp_s2w_12842_v3.png
gemini,comp_s2w,12842,4,ui_out_new_fixed_gemini_images/gemini_comp_s2w_12842_v4.png,ui_out_half_gpt_half_gemini/gemini_comp_s2w_12842_v4.png
gemini,comp_s2w,71030,1,ui_out_new_fixed_gemini_images/gemini_comp_s2w_71030_v1.png,ui_out_half_gpt_half_gemini/gemini_comp_s2w_71030_v1.png
gemini,comp_s2w,71030,2,ui_out_new_fixed_gemini_images/gemini_comp_s2w_71030_v2.png,ui_out_half_gpt_half_gemini/gemini_comp_s2w_71030_v2.png
gemini,comp_s2w,71030,3,ui_out_new_fixed_gemini_images/gemini_comp_s2w_71030_v3.png,ui_out_half_gpt_half_gemini/gemini_comp_s2w_71030_v3.png
gemini,comp_s2w,71030,4,ui_out_new_fixed_gemini_images/gemini_comp_s2w_71030_v4.png,ui_out_half_gpt_half_gemini/gemini_comp_s2w_71030_v4.png
gemini,comp_s2w,60858,1,ui_out_new_fixed_gemini_images/gemini_comp_s2w_60858_v1.png,ui_out_half_gpt_half_gemini/gemini_comp_s2w_60858_v1.png
gemini,comp_s2w,60858,2,ui_out_new_fixed_gemini_images/gemini_comp_s2w_60858_v2.png,ui_out_half_gpt_half_gemini/gemini_comp_s2w_60858_v2.png
gemini,comp_s2w,60858,3,ui_out_new_fixed_gemini_images/gemini_comp_s2w_60858_v3.png,ui_out_half_gpt_half_gemini/gemini_comp_s2w_60858_v3.png
gemini,comp_s2w,60858,4,ui_out_new_fixed_gemini_images/gemini_comp_s2w_60858_v4.png,ui_out_half_gpt_half_gemini/gemini_comp_s2w_60858_v4.png
gemini,comp_s2w,18056,1,ui_out_new_fixed_gemini_images/gemini_comp_s2w_18056_v1.png,ui_out_half_gpt_half_gemini/gemini_comp_s2w_18056_v1.png
gemini,comp_s2w,18056,2,ui_out_new_fixed_gemini_images/gemini_comp_s2w_18056_v2.png,ui_out_half_gpt_half_gemini/gemini_comp_s2w_18056_v2.png
gemini,comp_s2w,18056,3,ui_out_new_fixed_gemini_images/gemini_comp_s2w_18056_v3.png,ui_out_half_gpt_half_gemini/gemini_comp_s2w_18056_v3.png
gemini,comp_s2w,18056,4,ui_out_new_fixed_gemini_images/gemini_comp_s2w_18056_v4.png,ui_out_half_gpt_half_gemini/gemini_comp_s2w_18056_v4.png
gemini,comp_s2w,13585,1,ui_out_new_fixed_gemini_images/gemini_comp_s2w_13585_v1.png,ui_out_half_gpt_half_gemini/gemini_comp_s2w_13585_v1.png
gemini,comp_s2w,13585,2,ui_out_new_fixed_gemini_images/gemini_comp_s2w_13585_v2.png,ui_out_half_gpt_half_gemini/gemini_comp_s2w_13585_v2.png
gemini,comp_s2w,13585,3,ui_out_new_fixed_gemini_images/gemini_comp_s2w_13585_v3.png,ui_out_half_gpt_half_gemini/gemini_comp_s2w_13585_v3.png
gemini,comp_s2w,13585,4,ui_out_new_fixed_gemini_images/gemini_comp_s2w_13585_v4.png,ui_out_half_gpt_half_gemini/gemini_comp_s2w_13585_v4.png
gemini,comp_s2w,63085,1,ui_out_new_fixed_gemini_images/gemini_comp_s2w_63085_v1.png,ui_out_half_gpt_half_gemini/gemini_comp_s2w_63085_v1.png
gemini,comp_s2w,63085,2,ui_out_new_fixed_gemini_images/gemini_comp_s2w_63085_v2.png,ui_out_half_gpt_half_gemini/gemini_comp_s2w_63085_v2.png
gemini,comp_s2w,63085,3,ui_out_new_fixed_gemini_images/gemini_comp_s2w_63085_v3.png,ui_out_half_gpt_half_gemini/gemini_comp_s2w_63085_v3.png
gemini,comp_s2w,63085,4,ui_out_new_fixed_gemini_images/gemini_comp_s2w_63085_v4.png,ui_out_half_gpt_half_gemini/gemini_comp_s2w_63085_v4.png
gemini,comp_s2w,19961,1,ui_out_new_fixed_gemini_images/gemini_comp_s2w_19961_v1.png,ui_out_half_gpt_half_gemini/gemini_comp_s2w_19961_v1.png
gemini,comp_s2w,19961,2,ui_out_new_fixed_gemini_images/gemini_comp_s2w_19961_v2.png,ui_out_half_gpt_half_gemini/gemini_comp_s2w_19961_v2.png
gemini,comp_s2w,19961,3,ui_out_new_fixed_gemini_images/gemini_comp_s2w_19961_v3.png,ui_out_half_gpt_half_gemini/gemini_comp_s2w_19961_v3.png
gemini,comp_s2w,19961,4,ui_out_new_fixed_gemini_images/gemini_comp_s2w_19961_v4.png,ui_out_half_gpt_half_gemini/gemini_comp_s2w_19961_v4.png
gemini,comp_s2w,62333,1,ui_out_new_fixed_gemini_images/gemini_comp_s2w_62333_v1.png,ui_out_half_gpt_half_gemini/gemini_comp_s2w_62333_v1.png
gemini,comp_s2w,62333,2,ui_out_new_fixed_gemini_images/gemini_comp_s2w_62333_v2.png,ui_out_half_gpt_half_gemini/gemini_comp_s2w_62333_v2.png
gemini,comp_s2w,62333,3,ui_out_new_fixed_gemini_images/gemini_comp_s2w_62333_v3.png,ui_out_half_gpt_half_gemini/gemini_comp_s2w_62333_v3.png
gemini,comp_s2w,62333,4,ui_out_new_fixed_gemini_images/gemini_comp_s2w_62333_v4.png,ui_out_half_gpt_half_gemini/gemini_comp_s2w_62333_v4.png
gemini,comp_s2w,16634,1,ui_out_new_fixed_gemini_images/gemini_comp_s2w_16634_v1.png,ui_out_half_gpt_half_gemini/gemini_comp_s2w_16634_v1.png
gemini,comp_s2w,16634,2,ui_out_new_fixed_gemini_images/gemini_comp_s2w_16634_v2.png,ui_out_half_gpt_half_gemini/gemini_comp_s2w_16634_v2.png
gemini,comp_s2w,16634,3,ui_out_new_fixed_gemini_images/gemini_comp_s2w_16634_v3.png,ui_out_half_gpt_half_gemini/gemini_comp_s2w_16634_v3.png
gemini,comp_s2w,16634,4,ui_out_new_fixed_gemini_images/gemini_comp_s2w_16634_v4.png,ui_out_half_gpt_half_gemini/gemini_comp_s2w_16634_v4.png
gemini,comp_s2w,71464,1,ui_out_new_fixed_gemini_images/gemini_comp_s2w_71464_v1.png,ui_out_half_gpt_half_gemini/gemini_comp_s2w_71464_v1.png
gemini,comp_s2w,71464,2,ui_out_new_fixed_gemini_images/gemini_comp_s2w_71464_v2.png,ui_out_half_gpt_half_gemini/gemini_comp_s2w_71464_v2.png
gemini,comp_s2w,71464,3,ui_out_new_fixed_gemini_images/gemini_comp_s2w_71464_v3.png,ui_out_half_gpt_half_gemini/gemini_comp_s2w_71464_v3.png
gemini,comp_s2w,71464,4,ui_out_new_fixed_gemini_images/gemini_comp_s2w_71464_v4.png,ui_out_half_gpt_half_gemini/gemini_comp_s2w_71464_v4.png
gemini,comp_s2w,63656,1,ui_out_new_fixed_gemini_images/gemini_comp_s2w_63656_v1.png,ui_out_half_gpt_half_gemini/gemini_comp_s2w_63656_v1.png
gemini,comp_s2w,63656,2,ui_out_new_fixed_gemini_images/gemini_comp_s2w_63656_v2.png,ui_out_half_gpt_half_gemini/gemini_comp_s2w_63656_v2.png
gemini,comp_s2w,63656,3,ui_out_new_fixed_gemini_images/gemini_comp_s2w_63656_v3.png,ui_out_half_gpt_half_gemini/gemini_comp_s2w_63656_v3.png
gemini,comp_s2w,63656,4,ui_out_new_fixed_gemini_images/gemini_comp_s2w_63656_v4.png,ui_out_half_gpt_half_gemini/gemini_comp_s2w_63656_v4.png
gemini,comp_s2w,26818,1,ui_out_new_fixed_gemini_images/gemini_comp_s2w_26818_v1.png,ui_out_half_gpt_half_gemini/gemini_comp_s2w_26818_v1.png
gemini,comp_s2w,26818,2,ui_out_new_fixed_gemini_images/gemini_comp_s2w_26818_v2.png,ui_out_half_gpt_half_gemini/gemini_comp_s2w_26818_v2.png
gemini,comp_s2w,26818,3,ui_out_new_fixed_gemini_images/gemini_comp_s2w_26818_v3.png,ui_out_half_gpt_half_gemini/gemini_comp_s2w_26818_v3.png
gemini,comp_s2w,26818,4,ui_out_new_fixed_gemini_images/gemini_comp_s2w_26818_v4.png,ui_out_half_gpt_half_gemini/gemini_comp_s2w_26818_v4.png
gemini,comp_s2w,25181,1,ui_out_new_fixed_gemini_images/gemini_comp_s2w_25181_v1.png,ui_out_half_gpt_half_gemini/gemini_comp_s2w_25181_v1.png
gemini,comp_s2w,25181,2,ui_out_new_fixed_gemini_images/gemini_comp_s2w_25181_v2.png,ui_out_half_gpt_half_gemini/gemini_comp_s2w_25181_v2.png
gemini,comp_s2w,25181,3,ui_out_new_fixed_gemini_images/gemini_comp_s2w_25181_v3.png,ui_out_half_gpt_half_gemini/gemini_comp_s2w_25181_v3.png
gemini,comp_s2w,25181,4,ui_out_new_fixed_gemini_images/gemini_comp_s2w_25181_v4.png,ui_out_half_gpt_half_gemini/gemini_comp_s2w_25181_v4.png
